-- MySQL Script generated by MySQL Workbench
-- Thu Jun 30 12:43:03 2022
-- Model: New Model    Version: 1.0
-- MySQL Workbench Forward Engineering

SET @OLD_UNIQUE_CHECKS=@@UNIQUE_CHECKS, UNIQUE_CHECKS=0;
SET @OLD_FOREIGN_KEY_CHECKS=@@FOREIGN_KEY_CHECKS, FOREIGN_KEY_CHECKS=0;
SET @OLD_SQL_MODE=@@SQL_MODE, SQL_MODE='ONLY_FULL_GROUP_BY,STRICT_TRANS_TABLES,NO_ZERO_IN_DATE,NO_ZERO_DATE,ERROR_FOR_DIVISION_BY_ZERO,NO_ENGINE_SUBSTITUTION';

-- -----------------------------------------------------
-- Schema mydb
-- -----------------------------------------------------
DROP SCHEMA IF EXISTS `mydb` ;

-- -----------------------------------------------------
-- Schema mydb
-- -----------------------------------------------------
CREATE SCHEMA IF NOT EXISTS `mydb` DEFAULT CHARACTER SET utf8 ;
USE `mydb` ;

-- -----------------------------------------------------
-- Table `mydb`.`CLIENTES`
-- -----------------------------------------------------
CREATE TABLE IF NOT EXISTS `mydb`.`CLIENTES` (
  `CD_CLIENTE` INT NOT NULL AUTO_INCREMENT,
  `NM_CLIENTE` VARCHAR(255) NULL,
  `NR_CPF_CLIENTE` VARCHAR(11) NULL,
  PRIMARY KEY (`CD_CLIENTE`),
  UNIQUE INDEX `NR_CPF_CLIENTE_UNIQUE` (`NR_CPF_CLIENTE` ASC) VISIBLE)
ENGINE = InnoDB;


-- -----------------------------------------------------
-- Table `mydb`.`EMPRESAS`
-- -----------------------------------------------------
CREATE TABLE IF NOT EXISTS `mydb`.`EMPRESAS` (
  `CD_EMPRESA` INT NOT NULL AUTO_INCREMENT,
  `NR_CNPJ` VARCHAR(16) NOT NULL,
  `NM_RAZAO_SOCIAL` VARCHAR(255) NULL,
  `NM_FANTASIA` VARCHAR(255) NULL,
  PRIMARY KEY (`CD_EMPRESA`),
  UNIQUE INDEX `NR_CNPJ_UNIQUE` (`NR_CNPJ` ASC) VISIBLE)
ENGINE = InnoDB;


-- -----------------------------------------------------
-- Table `mydb`.`NOTAS_FISCAIS`
-- -----------------------------------------------------
CREATE TABLE IF NOT EXISTS `mydb`.`NOTAS_FISCAIS` (
  `ID_NOTA_FISCAL` INT NOT NULL AUTO_INCREMENT,
  `CD_EMPRESA` INT NOT NULL,
  `CD_CLIENTE` INT NOT NULL,
  `NR_NOTA_FISCAL` INT NULL,
  `NR_SERIE_NOTA_FISCAL` VARCHAR(128) NULL,
  `DT_EMISSAO` DATE NULL,
  `VL_NOTA_FISCAL` FLOAT NULL,
  PRIMARY KEY (`ID_NOTA_FISCAL`),
  INDEX `fk_NOTAS_FISCAIS_CLIENTES_idx` (`CD_CLIENTE` ASC) VISIBLE,
  INDEX `fk_NOTAS_FISCAIS_EMPRESAS1_idx` (`CD_EMPRESA` ASC) VISIBLE,
  CONSTRAINT `fk_NOTAS_FISCAIS_CLIENTES`
    FOREIGN KEY (`CD_CLIENTE`)
    REFERENCES `mydb`.`CLIENTES` (`CD_CLIENTE`)
    ON DELETE NO ACTION
    ON UPDATE NO ACTION,
  CONSTRAINT `fk_NOTAS_FISCAIS_EMPRESAS1`
    FOREIGN KEY (`CD_EMPRESA`)
    REFERENCES `mydb`.`EMPRESAS` (`CD_EMPRESA`)
    ON DELETE NO ACTION
    ON UPDATE NO ACTION)
ENGINE = InnoDB;


-- -----------------------------------------------------
-- Table `mydb`.`GRUPOS_PRODUTOS`
-- -----------------------------------------------------
CREATE TABLE IF NOT EXISTS `mydb`.`GRUPOS_PRODUTOS` (
  `CD_GRUPO_PRODUTO` INT NOT NULL AUTO_INCREMENT,
  `NM_GRUPO_PRODUTO` VARCHAR(255) NULL,
  PRIMARY KEY (`CD_GRUPO_PRODUTO`))
ENGINE = InnoDB;


-- -----------------------------------------------------
-- Table `mydb`.`MARCAS_PRODUTOS`
-- -----------------------------------------------------
CREATE TABLE IF NOT EXISTS `mydb`.`MARCAS_PRODUTOS` (
  `ID_MARCA_PRODUTO` INT NOT NULL AUTO_INCREMENT,
  `NM_MARCA_PRODUTO` VARCHAR(255) NULL,
  PRIMARY KEY (`ID_MARCA_PRODUTO`))
ENGINE = InnoDB;


-- -----------------------------------------------------
-- Table `mydb`.`PRODUTOS`
-- -----------------------------------------------------
CREATE TABLE IF NOT EXISTS `mydb`.`PRODUTOS` (
  `CD_PRODUTO` INT NOT NULL AUTO_INCREMENT,
  `NM_PRODUTO` VARCHAR(255) NULL,
  `CD_GRUPO_PRODUTO` INT NOT NULL,
  `ID_MARCA_PRODUTO` INT NOT NULL,
  PRIMARY KEY (`CD_PRODUTO`),
  INDEX `fk_PRODUTOS_GRUPOS_PRODUTOS1_idx` (`CD_GRUPO_PRODUTO` ASC) VISIBLE,
  INDEX `fk_PRODUTOS_MARCAS_PRODUTOS1_idx` (`ID_MARCA_PRODUTO` ASC) VISIBLE,
  CONSTRAINT `fk_PRODUTOS_GRUPOS_PRODUTOS1`
    FOREIGN KEY (`CD_GRUPO_PRODUTO`)
    REFERENCES `mydb`.`GRUPOS_PRODUTOS` (`CD_GRUPO_PRODUTO`)
    ON DELETE NO ACTION
    ON UPDATE NO ACTION,
  CONSTRAINT `fk_PRODUTOS_MARCAS_PRODUTOS1`
    FOREIGN KEY (`ID_MARCA_PRODUTO`)
    REFERENCES `mydb`.`MARCAS_PRODUTOS` (`ID_MARCA_PRODUTO`)
    ON DELETE NO ACTION
    ON UPDATE NO ACTION)
ENGINE = InnoDB;


-- -----------------------------------------------------
-- Table `mydb`.`ITENS_NOTAS_FISCAIS`
-- -----------------------------------------------------
CREATE TABLE IF NOT EXISTS `mydb`.`ITENS_NOTAS_FISCAIS` (
  `ID_NOTA_FISCAL` INT NOT NULL,
  `SQ_ITEM_NOTA_FISCAL` INT NOT NULL,
  `VL_ITEM_NOTA` FLOAT NULL,
  INDEX `fk_ITENS_NOTAS_FISCAIS_NOTAS_FISCAIS1_idx` (`ID_NOTA_FISCAL` ASC) VISIBLE,
  INDEX `fk_ITENS_NOTAS_FISCAIS_PRODUTOS1_idx` (`SQ_ITEM_NOTA_FISCAL` ASC) VISIBLE,
  CONSTRAINT `fk_ITENS_NOTAS_FISCAIS_NOTAS_FISCAIS1`
    FOREIGN KEY (`ID_NOTA_FISCAL`)
    REFERENCES `mydb`.`NOTAS_FISCAIS` (`ID_NOTA_FISCAL`)
    ON DELETE NO ACTION
    ON UPDATE NO ACTION,
  CONSTRAINT `fk_ITENS_NOTAS_FISCAIS_PRODUTOS1`
    FOREIGN KEY (`SQ_ITEM_NOTA_FISCAL`)
    REFERENCES `mydb`.`PRODUTOS` (`CD_PRODUTO`)
    ON DELETE NO ACTION
    ON UPDATE NO ACTION)
ENGINE = InnoDB;


-- -----------------------------------------------------
-- Table `mydb`.`CUPONS_NAO_FISCAIS`
-- -----------------------------------------------------
CREATE TABLE IF NOT EXISTS `mydb`.`CUPONS_NAO_FISCAIS` (
  `ID_CUPOM_NAO_FISCAL` INT NOT NULL AUTO_INCREMENT,
  `CD_CLIENTE` INT NOT NULL,
  `CD_EMPRESA` INT NOT NULL,
  `NR_CUPOM_NAO_FISCAL` INT NULL,
  `NR_SERIE_NAO_FISCAL` VARCHAR(128) NULL,
  `DT_EMISSAO` DATE NULL,
  `VL_NAO_FISCAL` FLOAT NULL,
  PRIMARY KEY (`ID_CUPOM_NAO_FISCAL`),
  INDEX `fk_CUPONS_NAO_FISCAIS_CLIENTES1_idx` (`CD_CLIENTE` ASC) VISIBLE,
  INDEX `fk_CUPONS_NAO_FISCAIS_EMPRESAS1_idx` (`CD_EMPRESA` ASC) VISIBLE,
  CONSTRAINT `fk_CUPONS_NAO_FISCAIS_CLIENTES1`
    FOREIGN KEY (`CD_CLIENTE`)
    REFERENCES `mydb`.`CLIENTES` (`CD_CLIENTE`)
    ON DELETE NO ACTION
    ON UPDATE NO ACTION,
  CONSTRAINT `fk_CUPONS_NAO_FISCAIS_EMPRESAS1`
    FOREIGN KEY (`CD_EMPRESA`)
    REFERENCES `mydb`.`EMPRESAS` (`CD_EMPRESA`)
    ON DELETE NO ACTION
    ON UPDATE NO ACTION)
ENGINE = InnoDB;


-- -----------------------------------------------------
-- Table `mydb`.`ITENS_NAO_FISCAIS`
-- -----------------------------------------------------
CREATE TABLE IF NOT EXISTS `mydb`.`ITENS_NAO_FISCAIS` (
  `ID_CUPOM_NAO_FISCAL` INT NOT NULL,
  `SQ_CUPOM_NAO_FISCAL` INT NOT NULL,
  `VL_ITEM_NAO_FISCAL` FLOAT NULL,
  INDEX `fk_ITENS_NAO_FISCAIS_PRODUTOS1_idx` (`SQ_CUPOM_NAO_FISCAL` ASC) VISIBLE,
  INDEX `fk_ITENS_NAO_FISCAIS_CUPONS_NAO_FISCAIS1_idx` (`ID_CUPOM_NAO_FISCAL` ASC) VISIBLE,
  CONSTRAINT `fk_ITENS_NAO_FISCAIS_PRODUTOS1`
    FOREIGN KEY (`SQ_CUPOM_NAO_FISCAL`)
    REFERENCES `mydb`.`PRODUTOS` (`CD_PRODUTO`)
    ON DELETE NO ACTION
    ON UPDATE NO ACTION,
  CONSTRAINT `fk_ITENS_NAO_FISCAIS_CUPONS_NAO_FISCAIS1`
    FOREIGN KEY (`ID_CUPOM_NAO_FISCAL`)
    REFERENCES `mydb`.`CUPONS_NAO_FISCAIS` (`ID_CUPOM_NAO_FISCAL`)
    ON DELETE NO ACTION
    ON UPDATE NO ACTION)
ENGINE = InnoDB;


-- -----------------------------------------------------
-- Table `mydb`.`PEDIDOS_VENDAS`
-- -----------------------------------------------------
CREATE TABLE IF NOT EXISTS `mydb`.`PEDIDOS_VENDAS` (
  `NR_PEDIDO_VENDA` INT NOT NULL AUTO_INCREMENT,
  `CD_CLIENTE` INT NOT NULL,
  `CD_EMPRESA` INT NOT NULL,
  `DT_EMISSAO` DATE NULL,
  `VL_PEDIDO_VENDA` FLOAT NULL,
  PRIMARY KEY (`NR_PEDIDO_VENDA`),
  INDEX `fk_PEDIDOS_VENDAS_CLIENTES1_idx` (`CD_CLIENTE` ASC) VISIBLE,
  INDEX `fk_PEDIDOS_VENDAS_EMPRESAS1_idx` (`CD_EMPRESA` ASC) VISIBLE,
  CONSTRAINT `fk_PEDIDOS_VENDAS_CLIENTES1`
    FOREIGN KEY (`CD_CLIENTE`)
    REFERENCES `mydb`.`CLIENTES` (`CD_CLIENTE`)
    ON DELETE NO ACTION
    ON UPDATE NO ACTION,
  CONSTRAINT `fk_PEDIDOS_VENDAS_EMPRESAS1`
    FOREIGN KEY (`CD_EMPRESA`)
    REFERENCES `mydb`.`EMPRESAS` (`CD_EMPRESA`)
    ON DELETE NO ACTION
    ON UPDATE NO ACTION)
ENGINE = InnoDB;


-- -----------------------------------------------------
-- Table `mydb`.`ITENS_PEDIDOS_VENDAS`
-- -----------------------------------------------------
CREATE TABLE IF NOT EXISTS `mydb`.`ITENS_PEDIDOS_VENDAS` (
  `SQ_ITEM_PEDIDO_VENDA` INT NOT NULL,
  `NR_PEDIDO_VENDA` INT NOT NULL,
  `VL_ITEM_PEDIDO_VENDA` FLOAT NULL,
  INDEX `fk_ITENS_PEDIDOS_VENDAS_PRODUTOS1_idx` (`SQ_ITEM_PEDIDO_VENDA` ASC) VISIBLE,
  INDEX `fk_ITENS_PEDIDOS_VENDAS_PEDIDOS_VENDAS1_idx` (`NR_PEDIDO_VENDA` ASC) VISIBLE,
  CONSTRAINT `fk_ITENS_PEDIDOS_VENDAS_PRODUTOS1`
    FOREIGN KEY (`SQ_ITEM_PEDIDO_VENDA`)
    REFERENCES `mydb`.`PRODUTOS` (`CD_PRODUTO`)
    ON DELETE NO ACTION
    ON UPDATE NO ACTION,
  CONSTRAINT `fk_ITENS_PEDIDOS_VENDAS_PEDIDOS_VENDAS1`
    FOREIGN KEY (`NR_PEDIDO_VENDA`)
    REFERENCES `mydb`.`PEDIDOS_VENDAS` (`NR_PEDIDO_VENDA`)
    ON DELETE NO ACTION
    ON UPDATE NO ACTION)
ENGINE = InnoDB;


-- -----------------------------------------------------
-- Table `mydb`.`CONTRATOS`
-- -----------------------------------------------------
CREATE TABLE IF NOT EXISTS `mydb`.`CONTRATOS` (
  `ID_CONTRATO` INT NOT NULL AUTO_INCREMENT,
  `TIPO_CONTRATO` ENUM('F', 'D') NOT NULL COMMENT 'Tipo do contrato\nF: Físico\nD: Digital',
  `IMPRESSO_CONTRATO` TINYINT NULL COMMENT 'NOT NULL CHECK(TIPO_CONTRATO=\'F\')',
  `ASS_DIGITAL_CONTRATO` BLOB NULL,
  `TIPO_VENDA` ENUM('PV', 'CN', 'NF') NOT NULL COMMENT 'Tipo de venda\nPV: Pedido de Venda\nCN: Cupom não Fiscal\nNF: Nota Fiscal\n',
  `NR_PEDIDO_VENDA` INT NULL,
  `ID_CUPOM_NAO_FISCAL` INT NULL,
  `ID_NOTA_FISCAL` INT NULL,
  PRIMARY KEY (`ID_CONTRATO`),
  INDEX `fk_CONTRATOS_PEDIDOS_VENDAS_idx` (`NR_PEDIDO_VENDA` ASC) VISIBLE,
  INDEX `fk_CONTRATOS_CUPONS_NAO_FISCAIS_idx` (`ID_CUPOM_NAO_FISCAL` ASC) VISIBLE,
  INDEX `fk_CONTRATOS_NOTAS_FISCAIS_idx` (`ID_NOTA_FISCAL` ASC) VISIBLE,
  CONSTRAINT `fk_CONTRATOS_PEDIDOS_VENDAS`
    FOREIGN KEY (`NR_PEDIDO_VENDA`)
    REFERENCES `mydb`.`PEDIDOS_VENDAS` (`NR_PEDIDO_VENDA`)
    ON DELETE NO ACTION
    ON UPDATE NO ACTION,
  CONSTRAINT `fk_CONTRATOS_CUPONS_NAO_FISCAIS`
    FOREIGN KEY (`ID_CUPOM_NAO_FISCAL`)
    REFERENCES `mydb`.`CUPONS_NAO_FISCAIS` (`ID_CUPOM_NAO_FISCAL`)
    ON DELETE NO ACTION
    ON UPDATE NO ACTION,
  CONSTRAINT `fk_CONTRATOS_NOTAS_FISCAIS`
    FOREIGN KEY (`ID_NOTA_FISCAL`)
    REFERENCES `mydb`.`NOTAS_FISCAIS` (`ID_NOTA_FISCAL`)
    ON DELETE NO ACTION
    ON UPDATE NO ACTION)
  CASE `TIPO_CONTRATO`
	WHEN 'F' THEN `IMPRESSO_CONTRATO` IS NOT NULL AND `ASS_DIGITAL_CONTRATO` IS NULL
    WHEN 'D' THEN `IMPRESSO_CONTRATO` IS NULL AND `ASS_DIGITAL_CONTRATO` IS NOT NULL
    END
ENGINE = InnoDB;


SET SQL_MODE=@OLD_SQL_MODE;
SET FOREIGN_KEY_CHECKS=@OLD_FOREIGN_KEY_CHECKS;
SET UNIQUE_CHECKS=@OLD_UNIQUE_CHECKS;

-- -----------------------------------------------------
-- Data for table `mydb`.`CLIENTES`
-- -----------------------------------------------------
START TRANSACTION;
USE `mydb`;
INSERT INTO `mydb`.`CLIENTES` (`CD_CLIENTE`, `NM_CLIENTE`, `NR_CPF_CLIENTE`) VALUES (1, 'Cliente Um', '11111111111');
INSERT INTO `mydb`.`CLIENTES` (`CD_CLIENTE`, `NM_CLIENTE`, `NR_CPF_CLIENTE`) VALUES (2, 'Cliente Dois', '22222222222');
INSERT INTO `mydb`.`CLIENTES` (`CD_CLIENTE`, `NM_CLIENTE`, `NR_CPF_CLIENTE`) VALUES (3, 'Cliente Tres', '33333333333');

COMMIT;


-- -----------------------------------------------------
-- Data for table `mydb`.`EMPRESAS`
-- -----------------------------------------------------
START TRANSACTION;
USE `mydb`;
INSERT INTO `mydb`.`EMPRESAS` (`CD_EMPRESA`, `NR_CNPJ`, `NM_RAZAO_SOCIAL`, `NM_FANTASIA`) VALUES (1, '11222333444566', 'Empresa Um LTDA', 'Empresa Um');
INSERT INTO `mydb`.`EMPRESAS` (`CD_EMPRESA`, `NR_CNPJ`, `NM_RAZAO_SOCIAL`, `NM_FANTASIA`) VALUES (2, '22222222222222', 'Empresa Dois LTDA', 'Empresa Dois');
INSERT INTO `mydb`.`EMPRESAS` (`CD_EMPRESA`, `NR_CNPJ`, `NM_RAZAO_SOCIAL`, `NM_FANTASIA`) VALUES (3, '33333333333333', 'Empresa Tres LTDA', 'Empresa Tres');

COMMIT;


-- -----------------------------------------------------
-- Data for table `mydb`.`NOTAS_FISCAIS`
-- -----------------------------------------------------
START TRANSACTION;
USE `mydb`;
INSERT INTO `mydb`.`NOTAS_FISCAIS` (`ID_NOTA_FISCAL`, `CD_EMPRESA`, `CD_CLIENTE`, `NR_NOTA_FISCAL`, `NR_SERIE_NOTA_FISCAL`, `DT_EMISSAO`, `VL_NOTA_FISCAL`) VALUES (1, 1, 1, 1, 'AAA001', '2022-06-08', 100.00);
INSERT INTO `mydb`.`NOTAS_FISCAIS` (`ID_NOTA_FISCAL`, `CD_EMPRESA`, `CD_CLIENTE`, `NR_NOTA_FISCAL`, `NR_SERIE_NOTA_FISCAL`, `DT_EMISSAO`, `VL_NOTA_FISCAL`) VALUES (2, 2, 1, 2, 'AAA002', '2022-06-08', 20.00);
INSERT INTO `mydb`.`NOTAS_FISCAIS` (`ID_NOTA_FISCAL`, `CD_EMPRESA`, `CD_CLIENTE`, `NR_NOTA_FISCAL`, `NR_SERIE_NOTA_FISCAL`, `DT_EMISSAO`, `VL_NOTA_FISCAL`) VALUES (3, 1, 1, 3, 'AAA003', '2021-02-01', 3.00);
INSERT INTO `mydb`.`NOTAS_FISCAIS` (`ID_NOTA_FISCAL`, `CD_EMPRESA`, `CD_CLIENTE`, `NR_NOTA_FISCAL`, `NR_SERIE_NOTA_FISCAL`, `DT_EMISSAO`, `VL_NOTA_FISCAL`) VALUES (4, 1, 1, 4, 'AAA004', '2021-03-01', 4.00);
INSERT INTO `mydb`.`NOTAS_FISCAIS` (`ID_NOTA_FISCAL`, `CD_EMPRESA`, `CD_CLIENTE`, `NR_NOTA_FISCAL`, `NR_SERIE_NOTA_FISCAL`, `DT_EMISSAO`, `VL_NOTA_FISCAL`) VALUES (5, 1, 2, 5, 'AAA005', '2021-03-31', 5.00);
INSERT INTO `mydb`.`NOTAS_FISCAIS` (`ID_NOTA_FISCAL`, `CD_EMPRESA`, `CD_CLIENTE`, `NR_NOTA_FISCAL`, `NR_SERIE_NOTA_FISCAL`, `DT_EMISSAO`, `VL_NOTA_FISCAL`) VALUES (6, 2, 2, 6, 'AAA006', '2021-04-01', 6.00);
INSERT INTO `mydb`.`NOTAS_FISCAIS` (`ID_NOTA_FISCAL`, `CD_EMPRESA`, `CD_CLIENTE`, `NR_NOTA_FISCAL`, `NR_SERIE_NOTA_FISCAL`, `DT_EMISSAO`, `VL_NOTA_FISCAL`) VALUES (7, 1, 1, 7, 'AAA007', '2021-03-01', 10);

COMMIT;


-- -----------------------------------------------------
-- Data for table `mydb`.`GRUPOS_PRODUTOS`
-- -----------------------------------------------------
START TRANSACTION;
USE `mydb`;
INSERT INTO `mydb`.`GRUPOS_PRODUTOS` (`CD_GRUPO_PRODUTO`, `NM_GRUPO_PRODUTO`) VALUES (1, 'Grupo um');
INSERT INTO `mydb`.`GRUPOS_PRODUTOS` (`CD_GRUPO_PRODUTO`, `NM_GRUPO_PRODUTO`) VALUES (2, 'Grupo dois');
INSERT INTO `mydb`.`GRUPOS_PRODUTOS` (`CD_GRUPO_PRODUTO`, `NM_GRUPO_PRODUTO`) VALUES (3, 'Grupo tres');
INSERT INTO `mydb`.`GRUPOS_PRODUTOS` (`CD_GRUPO_PRODUTO`, `NM_GRUPO_PRODUTO`) VALUES (4, 'Grupo quatro');

COMMIT;


-- -----------------------------------------------------
-- Data for table `mydb`.`MARCAS_PRODUTOS`
-- -----------------------------------------------------
START TRANSACTION;
USE `mydb`;
INSERT INTO `mydb`.`MARCAS_PRODUTOS` (`ID_MARCA_PRODUTO`, `NM_MARCA_PRODUTO`) VALUES (1, 'Marca um');
INSERT INTO `mydb`.`MARCAS_PRODUTOS` (`ID_MARCA_PRODUTO`, `NM_MARCA_PRODUTO`) VALUES (2, 'Marca dois');
INSERT INTO `mydb`.`MARCAS_PRODUTOS` (`ID_MARCA_PRODUTO`, `NM_MARCA_PRODUTO`) VALUES (3, 'Marca tres');
INSERT INTO `mydb`.`MARCAS_PRODUTOS` (`ID_MARCA_PRODUTO`, `NM_MARCA_PRODUTO`) VALUES (4, 'Marca quatro');
INSERT INTO `mydb`.`MARCAS_PRODUTOS` (`ID_MARCA_PRODUTO`, `NM_MARCA_PRODUTO`) VALUES (5, 'BenoA');
INSERT INTO `mydb`.`MARCAS_PRODUTOS` (`ID_MARCA_PRODUTO`, `NM_MARCA_PRODUTO`) VALUES (6, 'benoa');

COMMIT;


-- -----------------------------------------------------
-- Data for table `mydb`.`PRODUTOS`
-- -----------------------------------------------------
START TRANSACTION;
USE `mydb`;
INSERT INTO `mydb`.`PRODUTOS` (`CD_PRODUTO`, `NM_PRODUTO`, `CD_GRUPO_PRODUTO`, `ID_MARCA_PRODUTO`) VALUES (1, 'Prod um', 1, 1);
INSERT INTO `mydb`.`PRODUTOS` (`CD_PRODUTO`, `NM_PRODUTO`, `CD_GRUPO_PRODUTO`, `ID_MARCA_PRODUTO`) VALUES (2, 'Prod dois', 2, 2);
INSERT INTO `mydb`.`PRODUTOS` (`CD_PRODUTO`, `NM_PRODUTO`, `CD_GRUPO_PRODUTO`, `ID_MARCA_PRODUTO`) VALUES (3, 'Prod tres', 3, 3);
INSERT INTO `mydb`.`PRODUTOS` (`CD_PRODUTO`, `NM_PRODUTO`, `CD_GRUPO_PRODUTO`, `ID_MARCA_PRODUTO`) VALUES (4, 'Prod quatro', 4, 4);
INSERT INTO `mydb`.`PRODUTOS` (`CD_PRODUTO`, `NM_PRODUTO`, `CD_GRUPO_PRODUTO`, `ID_MARCA_PRODUTO`) VALUES (5, 'Prod cinco', 1, 1);
INSERT INTO `mydb`.`PRODUTOS` (`CD_PRODUTO`, `NM_PRODUTO`, `CD_GRUPO_PRODUTO`, `ID_MARCA_PRODUTO`) VALUES (6, 'Prod seis', 1, 1);
INSERT INTO `mydb`.`PRODUTOS` (`CD_PRODUTO`, `NM_PRODUTO`, `CD_GRUPO_PRODUTO`, `ID_MARCA_PRODUTO`) VALUES (7, 'Prod sete', 2, 2);
INSERT INTO `mydb`.`PRODUTOS` (`CD_PRODUTO`, `NM_PRODUTO`, `CD_GRUPO_PRODUTO`, `ID_MARCA_PRODUTO`) VALUES (8, 'iPod', 1, 5);
INSERT INTO `mydb`.`PRODUTOS` (`CD_PRODUTO`, `NM_PRODUTO`, `CD_GRUPO_PRODUTO`, `ID_MARCA_PRODUTO`) VALUES (9, 'naoPode', 1, 6);

COMMIT;


-- -----------------------------------------------------
-- Data for table `mydb`.`ITENS_NOTAS_FISCAIS`
-- -----------------------------------------------------
START TRANSACTION;
USE `mydb`;
INSERT INTO `mydb`.`ITENS_NOTAS_FISCAIS` (`ID_NOTA_FISCAL`, `SQ_ITEM_NOTA_FISCAL`, `VL_ITEM_NOTA`) VALUES (1, 1, 10);
INSERT INTO `mydb`.`ITENS_NOTAS_FISCAIS` (`ID_NOTA_FISCAL`, `SQ_ITEM_NOTA_FISCAL`, `VL_ITEM_NOTA`) VALUES (1, 2, 20);
INSERT INTO `mydb`.`ITENS_NOTAS_FISCAIS` (`ID_NOTA_FISCAL`, `SQ_ITEM_NOTA_FISCAL`, `VL_ITEM_NOTA`) VALUES (1, 3, 11);
INSERT INTO `mydb`.`ITENS_NOTAS_FISCAIS` (`ID_NOTA_FISCAL`, `SQ_ITEM_NOTA_FISCAL`, `VL_ITEM_NOTA`) VALUES (4, 8, 10);
INSERT INTO `mydb`.`ITENS_NOTAS_FISCAIS` (`ID_NOTA_FISCAL`, `SQ_ITEM_NOTA_FISCAL`, `VL_ITEM_NOTA`) VALUES (7, 9, 10);

COMMIT;


-- -----------------------------------------------------
-- Data for table `mydb`.`CONTRATOS`
-- -----------------------------------------------------
START TRANSACTION;
USE `mydb`;
INSERT INTO `mydb`.`CONTRATOS` (`ID_CONTRATO`, `TIPO_CONTRATO`, `IMPRESSO_CONTRATO`, `ASS_DIGITAL_CONTRATO`, `TIPO_VENDA`, `NR_PEDIDO_VENDA`, `ID_CUPOM_NAO_FISCAL`, `ID_NOTA_FISCAL`) VALUES (1, '2', NULL, NULL, DEFAULT, NULL, NULL, NULL);
INSERT INTO `mydb`.`CONTRATOS` (`ID_CONTRATO`, `TIPO_CONTRATO`, `IMPRESSO_CONTRATO`, `ASS_DIGITAL_CONTRATO`, `TIPO_VENDA`, `NR_PEDIDO_VENDA`, `ID_CUPOM_NAO_FISCAL`, `ID_NOTA_FISCAL`) VALUES (2, '0', NULL, NULL, DEFAULT, NULL, NULL, NULL);
INSERT INTO `mydb`.`CONTRATOS` (`ID_CONTRATO`, `TIPO_CONTRATO`, `IMPRESSO_CONTRATO`, `ASS_DIGITAL_CONTRATO`, `TIPO_VENDA`, `NR_PEDIDO_VENDA`, `ID_CUPOM_NAO_FISCAL`, `ID_NOTA_FISCAL`) VALUES (3, '1', NULL, NULL, DEFAULT, NULL, NULL, NULL);
INSERT INTO `mydb`.`CONTRATOS` (`ID_CONTRATO`, `TIPO_CONTRATO`, `IMPRESSO_CONTRATO`, `ASS_DIGITAL_CONTRATO`, `TIPO_VENDA`, `NR_PEDIDO_VENDA`, `ID_CUPOM_NAO_FISCAL`, `ID_NOTA_FISCAL`) VALUES (4, 'f', NULL, NULL, DEFAULT, NULL, NULL, NULL);
INSERT INTO `mydb`.`CONTRATOS` (`ID_CONTRATO`, `TIPO_CONTRATO`, `IMPRESSO_CONTRATO`, `ASS_DIGITAL_CONTRATO`, `TIPO_VENDA`, `NR_PEDIDO_VENDA`, `ID_CUPOM_NAO_FISCAL`, `ID_NOTA_FISCAL`) VALUES (5, 'F', NULL, NULL, DEFAULT, NULL, NULL, NULL);

COMMIT;

